[

    {
        "id":1,
        "image":"images/Brands/articona_Logo_brandshops.png",
        "link":"#"
    },
    {
        "id":2,
        "image":"/images/Brands/apple_logo_brandshops.png",
        "link":"#"
    }, 
    {
        "id":3,
        "image":"/images/Brands/dell_logo_markenshop.png",
        "link":"#"
    },
    {
        "id":4,
        "image":"/images/Brands/HP.png",
        "link":"#"
    },
    {
        "id":5,
        "image":"/images/Brands/Lenovo.png",
        "link":"#"
    },
    
    {
        "id":6,
        "image":"/images/Brands/logitech.png",
        "link":"#"
    },
    {
        "id":7,
        "image":"/images/Brands/microsoft-logo-brandshops.png",
        "link":"/brandetail"
    },
    {
        "id":8,
        "image":"/images/Brands/MicrosoftSurface.png",
        "link":"#"
    },
    {
        "id":9,
        "image":"/images/Brands/poly-logo-startseite.png",
        "link":"#"
    },
    {
        "id":10,
        "image":"/images/Brands/samsung-hersteller_logo_startseite.png",
        "link":"#"
    },
    {
        "id":11,
        "image":"/images/Brands/startech-markenshop-logo.jpg",
        "link":"#"
    },
    {
        "id":12,
        "image":"/images/Brands/Airspan-logo.png",
        "link":"#"
    },
    {
        "id":13,
        "image":"/images/Brands/altiostar_logo.jpg",
        "link":"#"
    },
    {
        "id":14,
        "image":"/images/Brands/nokia-logo.png",
        "link":"#"
    }
    
    
   ]