[

    {
     "id":1,
     "image":"/images/Featured_services/Network_security.png",
     "title":"Network Security"

    } ,

    {
        "id":2,
        "image":"/images/Featured_services/Cloud_map.png",
        "title":"Cloud maps"
   
    } ,

    {
        "id":3,
        "image":"/images/Featured_services/Cloud_PCRF.png",
        "title":"Cloud PCRF"
   
    } ,
   
    {
          "id":4,
           "image":"/images/Featured_services/Site_development.png",
           "title":"Site development"
      
    } ,

    {
        "id":5,
        "image":"/images/Featured_services/Incident_management.png",
        "title":"Incident management"
   
    },

    {
        "id":6,
        "image":"/images/Featured_services/Network_security.png",
        "title":"Network Security"
   
       } ,
   
       {
           "id":7,
           "image":"/images/Featured_services/Cloud_map.png",
           "title":"Cloud maps"
      
       } ,

       {
        "id":8,
        "image":"/images/Featured_services/Cloud_map.png",
        "title":"Cloud maps"
   
    } 

   ]