
{
  "uid" : "productList",
  "uuid" : "eyJpdGVtSWQiOiJwcm9kdWN0TGlzdCIsImNhdGFsb2dJZCI6ImVsZWN0cm9uaWNzLXNwYUNvbnRlbnRDYXRhbG9nIiwiY2F0YWxvZ1ZlcnNpb24iOiJPbmxpbmUifQ==",
  "title" : "Product List",
  "template" : "ProductListPageTemplate",
  "typeCode" : "CategoryPage",
  "name" : "Product List",
  
  "contentSlots" : 
  {

     "contentSlot" : 
     [ 
        {
        "slotId" : "BottomHeaderSlot",
        "slotUuid" : "eyJpdGVtSWQiOiJCb3R0b21IZWFkZXJTbG90IiwiY2F0YWxvZ0lkIjoiZWxlY3Ryb25pY3Mtc3BhQ29udGVudENhdGFsb2ciLCJjYXRhbG9nVmVyc2lvbiI6Ik9ubGluZSJ9",
        "position" : "BottomHeaderSlot",
        "name" : "Bottom Header",
        "slotShared" : true,
        "components" : {
           "component" : [ {
              "uid" : "breadcrumbComponent",
              "uuid" : "eyJpdGVtSWQiOiJicmVhZGNydW1iQ29tcG9uZW50IiwiY2F0YWxvZ0lkIjoiZWxlY3Ryb25pY3Mtc3BhQ29udGVudENhdGFsb2ciLCJjYXRhbG9nVmVyc2lvbiI6Ik9ubGluZSJ9",
              "typeCode" : "BreadcrumbComponent",
              "modifiedTime" : "2020-04-29T19:09:11.212Z",
              "name" : "Breadcrumb CMS Component",
              "container" : "false"
           } ]
        }
     }, {
        "slotId" : "SearchBoxSlot",
        "slotUuid" : "eyJpdGVtSWQiOiJTZWFyY2hCb3hTbG90IiwiY2F0YWxvZ0lkIjoiZWxlY3Ryb25pY3Mtc3BhQ29udGVudENhdGFsb2ciLCJjYXRhbG9nVmVyc2lvbiI6Ik9ubGluZSJ9",
        "position" : "SearchBox",
        "name" : "Search Box",
        "slotShared" : true,
        "components" : {
           "component" : [ {
              "uid" : "SearchBox",
              "uuid" : "eyJpdGVtSWQiOiJTZWFyY2hCb3giLCJjYXRhbG9nSWQiOiJlbGVjdHJvbmljcy1zcGFDb250ZW50Q2F0YWxvZyIsImNhdGFsb2dWZXJzaW9uIjoiT25saW5lIn0=",
              "typeCode" : "SearchBoxComponent",
              "modifiedTime" : "2020-04-29T19:09:10.696Z",
              "name" : "Search Box",
              "container" : "false",
              "maxSuggestions" : "5",
              "maxProducts" : "5",
              "displaySuggestions" : "true",
              "displayProducts" : "true",
              "displayProductImages" : "true",
              "waitTimeBeforeRequest" : "0",
              "minCharactersBeforeRequest" : "0"
           } ]
        }
     }, {
        "slotId" : "HeaderLinksSlot",
        "slotUuid" : "eyJpdGVtSWQiOiJIZWFkZXJMaW5rc1Nsb3QiLCJjYXRhbG9nSWQiOiJlbGVjdHJvbmljcy1zcGFDb250ZW50Q2F0YWxvZyIsImNhdGFsb2dWZXJzaW9uIjoiT25saW5lIn0=",
        "position" : "HeaderLinks",
        "name" : "Header links",
        "slotShared" : true,
        "components" : {
           "component" : [ ]
        }
     }, {
        "slotId" : "PlaceholderContentSlot",
        "slotUuid" : "eyJpdGVtSWQiOiJQbGFjZWhvbGRlckNvbnRlbnRTbG90IiwiY2F0YWxvZ0lkIjoiZWxlY3Ryb25pY3Mtc3BhQ29udGVudENhdGFsb2ciLCJjYXRhbG9nVmVyc2lvbiI6Ik9ubGluZSJ9",
        "position" : "PlaceholderContentSlot",
        "name" : "Placeholder for Addon tag files",
        "slotShared" : true,
        "components" : {
           "component" : [ ]
        }
     }, {
        "slotId" : "TopHeaderSlot",
        "slotUuid" : "eyJpdGVtSWQiOiJUb3BIZWFkZXJTbG90IiwiY2F0YWxvZ0lkIjoiZWxlY3Ryb25pY3Mtc3BhQ29udGVudENhdGFsb2ciLCJjYXRhbG9nVmVyc2lvbiI6Ik9ubGluZSJ9",
        "position" : "TopHeaderSlot",
        "name" : "Top Header",
        "slotShared" : true,
        "components" : {
           "component" : [ ]
        }
     }, {
        "slotId" : "ProductLeftRefinements",
        "slotUuid" : "eyJpdGVtSWQiOiJQcm9kdWN0TGVmdFJlZmluZW1lbnRzIiwiY2F0YWxvZ0lkIjoiZWxlY3Ryb25pY3Mtc3BhQ29udGVudENhdGFsb2ciLCJjYXRhbG9nVmVyc2lvbiI6Ik9ubGluZSJ9",
        "position" : "ProductLeftRefinements",
        "name" : "Refinements",
        "slotShared" : true,
        "components" : {
           "component" : [ {
              "uid" : "RefinementFacetComponent",
              "uuid" : "eyJpdGVtSWQiOiJSZWZpbmVtZW50RmFjZXRDb21wb25lbnQiLCJjYXRhbG9nSWQiOiJlbGVjdHJvbmljcy1zcGFDb250ZW50Q2F0YWxvZyIsImNhdGFsb2dWZXJzaW9uIjoiT25saW5lIn0=",
              "typeCode" : "ProductRefinementComponent",
              "modifiedTime" : "2020-04-29T19:09:11.563Z",
              "name" : "Product Refinement Facet Component",
              "container" : "false"
           } ]
        }
     }, {
        "slotId" : "ProductListSlot",
        "slotUuid" : "eyJpdGVtSWQiOiJQcm9kdWN0TGlzdFNsb3QiLCJjYXRhbG9nSWQiOiJlbGVjdHJvbmljcy1zcGFDb250ZW50Q2F0YWxvZyIsImNhdGFsb2dWZXJzaW9uIjoiT25saW5lIn0=",
        "position" : "ProductListSlot",
        "name" : "Product List Slot for Product List",
        "slotShared" : true,
        "components" : {
           "component" : [ {
              "uid" : "ProductListComponent",
              "uuid" : "eyJpdGVtSWQiOiJQcm9kdWN0TGlzdENvbXBvbmVudCIsImNhdGFsb2dJZCI6ImVsZWN0cm9uaWNzLXNwYUNvbnRlbnRDYXRhbG9nIiwiY2F0YWxvZ1ZlcnNpb24iOiJPbmxpbmUifQ==",
              "typeCode" : "CMSProductListComponent",
              "modifiedTime" : "2020-04-29T19:09:17.422Z",
              "name" : "Product List Component",
              "container" : "false"
           } ]
        }
     }, {
        "slotId" : "HomepageNavLinkSlot",
        "slotUuid" : "eyJpdGVtSWQiOiJIb21lcGFnZU5hdkxpbmtTbG90IiwiY2F0YWxvZ0lkIjoiZWxlY3Ryb25pY3Mtc3BhQ29udGVudENhdGFsb2ciLCJjYXRhbG9nVmVyc2lvbiI6Ik9ubGluZSJ9",
        "position" : "HomepageNavLink",
        "name" : "Default Homepage Link",
        "slotShared" : true,
        "components" : {
           "component" : [ {
              "uid" : "HomepageNavLink",
              "uuid" : "eyJpdGVtSWQiOiJIb21lcGFnZU5hdkxpbmsiLCJjYXRhbG9nSWQiOiJlbGVjdHJvbmljcy1zcGFDb250ZW50Q2F0YWxvZyIsImNhdGFsb2dWZXJzaW9uIjoiT25saW5lIn0=",
              "typeCode" : "CMSLinkComponent",
              "modifiedTime" : "2020-04-29T19:09:58.408Z",
              "name" : "Home Page Nav Link",
              "container" : "false",
              "external" : "false",
              "contentPage" : "homepage",
              "contentPageLabelOrId" : "homepage",
              "url" : "/",
              "linkName" : "Home",
              "target" : "false"
           } ]
        }
     }, {
        "slotId" : "MiniCartSlot",
        "slotUuid" : "eyJpdGVtSWQiOiJNaW5pQ2FydFNsb3QiLCJjYXRhbG9nSWQiOiJlbGVjdHJvbmljcy1zcGFDb250ZW50Q2F0YWxvZyIsImNhdGFsb2dWZXJzaW9uIjoiT25saW5lIn0=",
        "position" : "MiniCart",
        "name" : "Mini Cart",
        "slotShared" : true,
        "components" : {
           "component" : [ {
              "uid" : "MiniCart",
              "uuid" : "eyJpdGVtSWQiOiJNaW5pQ2FydCIsImNhdGFsb2dJZCI6ImVsZWN0cm9uaWNzLXNwYUNvbnRlbnRDYXRhbG9nIiwiY2F0YWxvZ1ZlcnNpb24iOiJPbmxpbmUifQ==",
              "typeCode" : "MiniCartComponent",
              "modifiedTime" : "2020-04-29T19:09:57.33Z",
              "name" : "Mini-Warenkorb",
              "container" : "false",
              "shownProductCount" : "3",
              "totalDisplay" : "SUBTOTAL",
              "title" : "YOUR SHOPPING CART",
              "lightboxBannerComponent" : {
                 "container" : "false",
                 "uid" : "LightboxHomeDeliveryBannerComponent",
                 "external" : "false",
                 "name" : "Lightbox Home Delivery Banner Component",
                 "media" : {
                    "code" : "Elec_358x45_HomeDeliveryBanner_EN_01.gif",
                    "mime" : "image/gif",
                    "altText" : "Lieferung am nächsten Tag, wenn vor 18 Uhr bestellt wird",
                    "url" : "/medias/?context=bWFzdGVyfGltYWdlc3w0MTA5fGltYWdlL2dpZnxoOTEvaDM4Lzg3OTc1MjIwMDE5NTB8OTM1MWFlZmMxYTk2ZDUyY2IyZmZmZmIyMDQ0ZTU1NTYzYWY4ZjJjZTk4ZThiMGM2Y2Y1ZTdhMDZhMmExNDVhNw"
                 },
                 "uuid" : "eyJpdGVtSWQiOiJMaWdodGJveEhvbWVEZWxpdmVyeUJhbm5lckNvbXBvbmVudCIsImNhdGFsb2dJZCI6ImVsZWN0cm9uaWNzLXNwYUNvbnRlbnRDYXRhbG9nIiwiY2F0YWxvZ1ZlcnNpb24iOiJPbmxpbmUifQ==",
                 "typeCode" : "SimpleBannerComponent"
              }
           } ]
        }
     }, {
        "slotId" : "SiteLogoSlot",
        "slotUuid" : "eyJpdGVtSWQiOiJTaXRlTG9nb1Nsb3QiLCJjYXRhbG9nSWQiOiJlbGVjdHJvbmljcy1zcGFDb250ZW50Q2F0YWxvZyIsImNhdGFsb2dWZXJzaW9uIjoiT25saW5lIn0=",
        "position" : "SiteLogo",
        "name" : "Default Site Logo Slot",
        "slotShared" : true,
        "components" : {
           "component" : [ {
              "uid" : "SiteLogoComponent",
              "uuid" : "eyJpdGVtSWQiOiJTaXRlTG9nb0NvbXBvbmVudCIsImNhdGFsb2dJZCI6ImVsZWN0cm9uaWNzLXNwYUNvbnRlbnRDYXRhbG9nIiwiY2F0YWxvZ1ZlcnNpb24iOiJPbmxpbmUifQ==",
              "typeCode" : "SimpleBannerComponent",
              "modifiedTime" : "2020-04-29T19:09:10.948Z",
              "name" : "Site Logo Component",
              "container" : "false",
              "external" : "false",
              "media" : {
                 "code" : "/images/theme/SAP_scrn_R.png",
                 "mime" : "image/png",
                 "altText" : "SAP Commerce",
                 "url" : "/medias/SAP-scrn-R.png?context=bWFzdGVyfGltYWdlc3wxMDEyN3xpbWFnZS9wbmd8aGI4L2hmNS84Nzk3NjYzMDM1NDIyL1NBUF9zY3JuX1IucG5nfDI0NDRlMWY0Y2RiODYwZTg0NjE4NGU1MDYxOTYwNGE5ZjNmNThkY2MwODYxYTg2OGY0MmM0NTUxNzlhZGM0MzQ"
              },
              "urlLink" : "/"
           } ]
        }
     }, {
        "slotId" : "NavigationBarSlot",
        "slotUuid" : "eyJpdGVtSWQiOiJOYXZpZ2F0aW9uQmFyU2xvdCIsImNhdGFsb2dJZCI6ImVsZWN0cm9uaWNzLXNwYUNvbnRlbnRDYXRhbG9nIiwiY2F0YWxvZ1ZlcnNpb24iOiJPbmxpbmUifQ==",
        "position" : "NavigationBar",
        "name" : "Navigation Bar",
        "slotShared" : true,
        "components" : {
           "component" : [ {
              "uid" : "ElectronicsCategoryNavComponent",
              "uuid" : "eyJpdGVtSWQiOiJFbGVjdHJvbmljc0NhdGVnb3J5TmF2Q29tcG9uZW50IiwiY2F0YWxvZ0lkIjoiZWxlY3Ryb25pY3Mtc3BhQ29udGVudENhdGFsb2ciLCJjYXRhbG9nVmVyc2lvbiI6Ik9ubGluZSJ9",
              "typeCode" : "CategoryNavigationComponent",
              "modifiedTime" : "2020-04-29T19:09:57.243Z",
              "name" : "Category Navigation Component",
              "container" : "false",
              "wrapAfter" : "10",
              "navigationNode" : {
                 "uid" : "ElectronicsCategoryNavNode",
                 "uuid" : "eyJpdGVtSWQiOiJFbGVjdHJvbmljc0NhdGVnb3J5TmF2Tm9kZSIsImNhdGFsb2dJZCI6ImVsZWN0cm9uaWNzLXNwYUNvbnRlbnRDYXRhbG9nIiwiY2F0YWxvZ1ZlcnNpb24iOiJPbmxpbmUifQ==",
                 "entries" : [ ],
                 "children" : [ {
                    "uid" : "DigitalCamerasNavNode",
                    "uuid" : "eyJpdGVtSWQiOiJEaWdpdGFsQ2FtZXJhc05hdk5vZGUiLCJjYXRhbG9nSWQiOiJlbGVjdHJvbmljcy1zcGFDb250ZW50Q2F0YWxvZyIsImNhdGFsb2dWZXJzaW9uIjoiT25saW5lIn0=",
                    "entries" : [ {
                       "itemId" : "DigitalCamerasCategoryLink",
                       "itemSuperType" : "AbstractCMSComponent",
                       "itemType" : "CMSLinkComponent"
                    } ],
                    "children" : [ {
                       "uid" : "DigitalCompactsNavNode",
                       "uuid" : "eyJpdGVtSWQiOiJEaWdpdGFsQ29tcGFjdHNOYXZOb2RlIiwiY2F0YWxvZ0lkIjoiZWxlY3Ryb25pY3Mtc3BhQ29udGVudENhdGFsb2ciLCJjYXRhbG9nVmVyc2lvbiI6Ik9ubGluZSJ9",
                       "entries" : [ {
                          "itemId" : "DigitalCompactsCategoryLink",
                          "itemSuperType" : "AbstractCMSComponent",
                          "itemType" : "CMSLinkComponent"
                       } ],
                       "children" : [ ]
                    }, {
                       "uid" : "DigitalSLRNavNode",
                       "uuid" : "eyJpdGVtSWQiOiJEaWdpdGFsU0xSTmF2Tm9kZSIsImNhdGFsb2dJZCI6ImVsZWN0cm9uaWNzLXNwYUNvbnRlbnRDYXRhbG9nIiwiY2F0YWxvZ1ZlcnNpb24iOiJPbmxpbmUifQ==",
                       "entries" : [ {
                          "itemId" : "DigitalSLRCategoryLink",
                          "itemSuperType" : "AbstractCMSComponent",
                          "itemType" : "CMSLinkComponent"
                       } ],
                       "children" : [ ]
                    } ],
                    "title" : "Digital Cameras"
                 }, {
                    "uid" : "FilmCamerasNavNode",
                    "uuid" : "eyJpdGVtSWQiOiJGaWxtQ2FtZXJhc05hdk5vZGUiLCJjYXRhbG9nSWQiOiJlbGVjdHJvbmljcy1zcGFDb250ZW50Q2F0YWxvZyIsImNhdGFsb2dWZXJzaW9uIjoiT25saW5lIn0=",
                    "entries" : [ {
                       "itemId" : "FilmCamerasCategoryLink",
                       "itemSuperType" : "AbstractCMSComponent",
                       "itemType" : "CMSLinkComponent"
                    } ],
                    "children" : [ ],
                    "title" : "Film Cameras"
                 }, {
                    "uid" : "HandheldCamcordersNavNode",
                    "uuid" : "eyJpdGVtSWQiOiJIYW5kaGVsZENhbWNvcmRlcnNOYXZOb2RlIiwiY2F0YWxvZ0lkIjoiZWxlY3Ryb25pY3Mtc3BhQ29udGVudENhdGFsb2ciLCJjYXRhbG9nVmVyc2lvbiI6Ik9ubGluZSJ9",
                    "entries" : [ {
                       "itemId" : "HandheldCamcordersCategoryLink",
                       "itemSuperType" : "AbstractCMSComponent",
                       "itemType" : "CMSLinkComponent"
                    } ],
                    "children" : [ ],
                    "title" : "Camcorders"
                 }, {
                    "uid" : "WebcamsNavNode",
                    "uuid" : "eyJpdGVtSWQiOiJXZWJjYW1zTmF2Tm9kZSIsImNhdGFsb2dJZCI6ImVsZWN0cm9uaWNzLXNwYUNvbnRlbnRDYXRhbG9nIiwiY2F0YWxvZ1ZlcnNpb24iOiJPbmxpbmUifQ==",
                    "entries" : [ {
                       "itemId" : "WebcamsCategoryLink",
                       "itemSuperType" : "AbstractCMSComponent",
                       "itemType" : "CMSLinkComponent"
                    } ],
                    "children" : [ ],
                    "title" : "Webcams"
                 }, {
                    "uid" : "CameraAccessoriesNavNode",
                    "uuid" : "eyJpdGVtSWQiOiJDYW1lcmFBY2Nlc3Nvcmllc05hdk5vZGUiLCJjYXRhbG9nSWQiOiJlbGVjdHJvbmljcy1zcGFDb250ZW50Q2F0YWxvZyIsImNhdGFsb2dWZXJzaW9uIjoiT25saW5lIn0=",
                    "entries" : [ {
                       "itemId" : "CameraAccessoriesCategoryLink",
                       "itemSuperType" : "AbstractCMSComponent",
                       "itemType" : "CMSLinkComponent"
                    } ],
                    "children" : [ {
                       "uid" : "AccessoriesNavNode",
                       "uuid" : "eyJpdGVtSWQiOiJBY2Nlc3Nvcmllc05hdk5vZGUiLCJjYXRhbG9nSWQiOiJlbGVjdHJvbmljcy1zcGFDb250ZW50Q2F0YWxvZyIsImNhdGFsb2dWZXJzaW9uIjoiT25saW5lIn0=",
                       "entries" : [ ],
                       "children" : [ {
                          "uid" : "CamerasFlashesNavNode",
                          "uuid" : "eyJpdGVtSWQiOiJDYW1lcmFzRmxhc2hlc05hdk5vZGUiLCJjYXRhbG9nSWQiOiJlbGVjdHJvbmljcy1zcGFDb250ZW50Q2F0YWxvZyIsImNhdGFsb2dWZXJzaW9uIjoiT25saW5lIn0=",
                          "entries" : [ {
                             "itemId" : "CamerasFlashesCategoryLink",
                             "itemSuperType" : "AbstractCMSComponent",
                             "itemType" : "CMSLinkComponent"
                          } ],
                          "children" : [ ]
                       }, {
                          "uid" : "TripodsNavNode",
                          "uuid" : "eyJpdGVtSWQiOiJUcmlwb2RzTmF2Tm9kZSIsImNhdGFsb2dJZCI6ImVsZWN0cm9uaWNzLXNwYUNvbnRlbnRDYXRhbG9nIiwiY2F0YWxvZ1ZlcnNpb24iOiJPbmxpbmUifQ==",
                          "entries" : [ {
                             "itemId" : "TripodsCategoryLink",
                             "itemSuperType" : "AbstractCMSComponent",
                             "itemType" : "CMSLinkComponent"
                          } ],
                          "children" : [ ]
                       }, {
                          "uid" : "CameraLensesNavNode",
                          "uuid" : "eyJpdGVtSWQiOiJDYW1lcmFMZW5zZXNOYXZOb2RlIiwiY2F0YWxvZ0lkIjoiZWxlY3Ryb25pY3Mtc3BhQ29udGVudENhdGFsb2ciLCJjYXRhbG9nVmVyc2lvbiI6Ik9ubGluZSJ9",
                          "entries" : [ {
                             "itemId" : "CameraLensesCategoryLink",
                             "itemSuperType" : "AbstractCMSComponent",
                             "itemType" : "CMSLinkComponent"
                          } ],
                          "children" : [ ]
                       }, {
                          "uid" : "PowerSuppliesNavNode",
                          "uuid" : "eyJpdGVtSWQiOiJQb3dlclN1cHBsaWVzTmF2Tm9kZSIsImNhdGFsb2dJZCI6ImVsZWN0cm9uaWNzLXNwYUNvbnRlbnRDYXRhbG9nIiwiY2F0YWxvZ1ZlcnNpb24iOiJPbmxpbmUifQ==",
                          "entries" : [ {
                             "itemId" : "PowerSuppliesCategoryLink",
                             "itemSuperType" : "AbstractCMSComponent",
                             "itemType" : "CMSLinkComponent"
                          } ],
                          "children" : [ ],
                          "title" : "Power Supplies"
                       }, {
                          "uid" : "FlashMemoryNavNode",
                          "uuid" : "eyJpdGVtSWQiOiJGbGFzaE1lbW9yeU5hdk5vZGUiLCJjYXRhbG9nSWQiOiJlbGVjdHJvbmljcy1zcGFDb250ZW50Q2F0YWxvZyIsImNhdGFsb2dWZXJzaW9uIjoiT25saW5lIn0=",
                          "entries" : [ {
                             "itemId" : "FlashMemoryCategoryLink",
                             "itemSuperType" : "AbstractCMSComponent",
                             "itemType" : "CMSLinkComponent"
                          } ],
                          "children" : [ ],
                          "title" : "Flash Memory"
                       } ],
                       "title" : "Gear"
                    }, {
                       "uid" : "SuppliesNavNode",
                       "uuid" : "eyJpdGVtSWQiOiJTdXBwbGllc05hdk5vZGUiLCJjYXRhbG9nSWQiOiJlbGVjdHJvbmljcy1zcGFDb250ZW50Q2F0YWxvZyIsImNhdGFsb2dWZXJzaW9uIjoiT25saW5lIn0=",
                       "entries" : [ ],
                       "children" : [ {
                          "uid" : "ColourFilmsNavNode",
                          "uuid" : "eyJpdGVtSWQiOiJDb2xvdXJGaWxtc05hdk5vZGUiLCJjYXRhbG9nSWQiOiJlbGVjdHJvbmljcy1zcGFDb250ZW50Q2F0YWxvZyIsImNhdGFsb2dWZXJzaW9uIjoiT25saW5lIn0=",
                          "entries" : [ {
                             "itemId" : "ColourFilmsCategoryLink",
                             "itemSuperType" : "AbstractCMSComponent",
                             "itemType" : "CMSLinkComponent"
                          } ],
                          "children" : [ ]
                       }, {
                          "uid" : "BlackAndWhiteFilmsNavNode",
                          "uuid" : "eyJpdGVtSWQiOiJCbGFja0FuZFdoaXRlRmlsbXNOYXZOb2RlIiwiY2F0YWxvZ0lkIjoiZWxlY3Ryb25pY3Mtc3BhQ29udGVudENhdGFsb2ciLCJjYXRhbG9nVmVyc2lvbiI6Ik9ubGluZSJ9",
                          "entries" : [ {
                             "itemId" : "BlackAndWhiteFilmsCategoryLink",
                             "itemSuperType" : "AbstractCMSComponent",
                             "itemType" : "CMSLinkComponent"
                          } ],
                          "children" : [ ]
                       }, {
                          "uid" : "BlankVideotapesNavNode",
                          "uuid" : "eyJpdGVtSWQiOiJCbGFua1ZpZGVvdGFwZXNOYXZOb2RlIiwiY2F0YWxvZ0lkIjoiZWxlY3Ryb25pY3Mtc3BhQ29udGVudENhdGFsb2ciLCJjYXRhbG9nVmVyc2lvbiI6Ik9ubGluZSJ9",
                          "entries" : [ {
                             "itemId" : "BlankVideotapesCategoryLink",
                             "itemSuperType" : "AbstractCMSComponent",
                             "itemType" : "CMSLinkComponent"
                          } ],
                          "children" : [ ]
                       } ],
                       "title" : "Supplies"
                    } ],
                    "title" : "Accessories"
                 } ]
              }
           } ]
        }
     }, {
        "slotId" : "FooterSlot",
        "slotUuid" : "eyJpdGVtSWQiOiJGb290ZXJTbG90IiwiY2F0YWxvZ0lkIjoiZWxlY3Ryb25pY3Mtc3BhQ29udGVudENhdGFsb2ciLCJjYXRhbG9nVmVyc2lvbiI6Ik9ubGluZSJ9",
        "position" : "Footer",
        "name" : "Footer",
        "slotShared" : true,
        "components" : {
           "component" : [ {
              "uid" : "FooterNavigationComponent",
              "uuid" : "eyJpdGVtSWQiOiJGb290ZXJOYXZpZ2F0aW9uQ29tcG9uZW50IiwiY2F0YWxvZ0lkIjoiZWxlY3Ryb25pY3Mtc3BhQ29udGVudENhdGFsb2ciLCJjYXRhbG9nVmVyc2lvbiI6Ik9ubGluZSJ9",
              "typeCode" : "FooterNavigationComponent",
              "modifiedTime" : "2020-04-29T19:09:57.156Z",
              "name" : "Footer Navigation Component",
              "container" : "false",
              "showLanguageCurrency" : "true",
              "wrapAfter" : "4",
              "notice" : "Copyright © 2020 SAP SE or an SAP affiliate company. All rights reserved.",
              "navigationNode" : {
                 "uid" : "FooterNavNode",
                 "uuid" : "eyJpdGVtSWQiOiJGb290ZXJOYXZOb2RlIiwiY2F0YWxvZ0lkIjoiZWxlY3Ryb25pY3Mtc3BhQ29udGVudENhdGFsb2ciLCJjYXRhbG9nVmVyc2lvbiI6Ik9ubGluZSJ9",
                 "entries" : [ ],
                 "children" : [ {
                    "uid" : "SAPCommerceNavNode",
                    "uuid" : "eyJpdGVtSWQiOiJTQVBDb21tZXJjZU5hdk5vZGUiLCJjYXRhbG9nSWQiOiJlbGVjdHJvbmljcy1zcGFDb250ZW50Q2F0YWxvZyIsImNhdGFsb2dWZXJzaW9uIjoiT25saW5lIn0=",
                    "entries" : [ ],
                    "children" : [ {
                       "uid" : "AboutSAPCommerceNavNode",
                       "uuid" : "eyJpdGVtSWQiOiJBYm91dFNBUENvbW1lcmNlTmF2Tm9kZSIsImNhdGFsb2dJZCI6ImVsZWN0cm9uaWNzLXNwYUNvbnRlbnRDYXRhbG9nIiwiY2F0YWxvZ1ZlcnNpb24iOiJPbmxpbmUifQ==",
                       "entries" : [ {
                          "itemId" : "AboutSAPCommerceLink",
                          "itemSuperType" : "AbstractCMSComponent",
                          "itemType" : "CMSLinkComponent"
                       } ],
                       "children" : [ ]
                    }, {
                       "uid" : "FAQNavNode",
                       "uuid" : "eyJpdGVtSWQiOiJGQVFOYXZOb2RlIiwiY2F0YWxvZ0lkIjoiZWxlY3Ryb25pY3Mtc3BhQ29udGVudENhdGFsb2ciLCJjYXRhbG9nVmVyc2lvbiI6Ik9ubGluZSJ9",
                       "entries" : [ {
                          "itemId" : "FAQLink",
                          "itemSuperType" : "AbstractCMSComponent",
                          "itemType" : "CMSLinkComponent"
                       } ],
                       "children" : [ ]
                    } ],
                    "title" : "SAP Commerce Cloud"
                 }, {
                    "uid" : "SAPCustomerExperienceNavNode",
                    "uuid" : "eyJpdGVtSWQiOiJTQVBDdXN0b21lckV4cGVyaWVuY2VOYXZOb2RlIiwiY2F0YWxvZ0lkIjoiZWxlY3Ryb25pY3Mtc3BhQ29udGVudENhdGFsb2ciLCJjYXRhbG9nVmVyc2lvbiI6Ik9ubGluZSJ9",
                    "entries" : [ ],
                    "children" : [ {
                       "uid" : "AboutSAPCustomerExperienceNavNode",
                       "uuid" : "eyJpdGVtSWQiOiJBYm91dFNBUEN1c3RvbWVyRXhwZXJpZW5jZU5hdk5vZGUiLCJjYXRhbG9nSWQiOiJlbGVjdHJvbmljcy1zcGFDb250ZW50Q2F0YWxvZyIsImNhdGFsb2dWZXJzaW9uIjoiT25saW5lIn0=",
                       "entries" : [ {
                          "itemId" : "VisitSAPLink",
                          "itemSuperType" : "AbstractCMSComponent",
                          "itemType" : "CMSLinkComponent"
                       } ],
                       "children" : [ ]
                    }, {
                       "uid" : "ContactUsNavNode",
                       "uuid" : "eyJpdGVtSWQiOiJDb250YWN0VXNOYXZOb2RlIiwiY2F0YWxvZ0lkIjoiZWxlY3Ryb25pY3Mtc3BhQ29udGVudENhdGFsb2ciLCJjYXRhbG9nVmVyc2lvbiI6Ik9ubGluZSJ9",
                       "entries" : [ {
                          "itemId" : "ContactUsLink",
                          "itemSuperType" : "AbstractCMSComponent",
                          "itemType" : "CMSLinkComponent"
                       } ],
                       "children" : [ ]
                    } ],
                    "title" : "SAP Customer Experience"
                 }, {
                    "uid" : "FollowUsNavNode",
                    "uuid" : "eyJpdGVtSWQiOiJGb2xsb3dVc05hdk5vZGUiLCJjYXRhbG9nSWQiOiJlbGVjdHJvbmljcy1zcGFDb250ZW50Q2F0YWxvZyIsImNhdGFsb2dWZXJzaW9uIjoiT25saW5lIn0=",
                    "entries" : [ ],
                    "children" : [ {
                       "uid" : "AgileCommerceBlogNavNode",
                       "uuid" : "eyJpdGVtSWQiOiJBZ2lsZUNvbW1lcmNlQmxvZ05hdk5vZGUiLCJjYXRhbG9nSWQiOiJlbGVjdHJvbmljcy1zcGFDb250ZW50Q2F0YWxvZyIsImNhdGFsb2dWZXJzaW9uIjoiT25saW5lIn0=",
                       "entries" : [ {
                          "itemId" : "AgileCommerceBlogLink",
                          "itemSuperType" : "AbstractCMSComponent",
                          "itemType" : "CMSLinkComponent"
                       } ],
                       "children" : [ ]
                    }, {
                       "uid" : "LinkedInNavNode",
                       "uuid" : "eyJpdGVtSWQiOiJMaW5rZWRJbk5hdk5vZGUiLCJjYXRhbG9nSWQiOiJlbGVjdHJvbmljcy1zcGFDb250ZW50Q2F0YWxvZyIsImNhdGFsb2dWZXJzaW9uIjoiT25saW5lIn0=",
                       "entries" : [ {
                          "itemId" : "LinkedInLink",
                          "itemSuperType" : "AbstractCMSComponent",
                          "itemType" : "CMSLinkComponent"
                       } ],
                       "children" : [ ]
                    }, {
                       "uid" : "FacebookNavNode",
                       "uuid" : "eyJpdGVtSWQiOiJGYWNlYm9va05hdk5vZGUiLCJjYXRhbG9nSWQiOiJlbGVjdHJvbmljcy1zcGFDb250ZW50Q2F0YWxvZyIsImNhdGFsb2dWZXJzaW9uIjoiT25saW5lIn0=",
                       "entries" : [ {
                          "itemId" : "FacebookLink",
                          "itemSuperType" : "AbstractCMSComponent",
                          "itemType" : "CMSLinkComponent"
                       } ],
                       "children" : [ ]
                    }, {
                       "uid" : "TwitterNavNode",
                       "uuid" : "eyJpdGVtSWQiOiJUd2l0dGVyTmF2Tm9kZSIsImNhdGFsb2dJZCI6ImVsZWN0cm9uaWNzLXNwYUNvbnRlbnRDYXRhbG9nIiwiY2F0YWxvZ1ZlcnNpb24iOiJPbmxpbmUifQ==",
                       "entries" : [ {
                          "itemId" : "TwitterLink",
                          "itemSuperType" : "AbstractCMSComponent",
                          "itemType" : "CMSLinkComponent"
                       } ],
                       "children" : [ ]
                    } ],
                    "title" : "Follow Us"
                 } ]
              }
           }, {
              "uid" : "AnonymousConsentOpenDialogComponent",
              "uuid" : "eyJpdGVtSWQiOiJBbm9ueW1vdXNDb25zZW50T3BlbkRpYWxvZ0NvbXBvbmVudCIsImNhdGFsb2dJZCI6ImVsZWN0cm9uaWNzLXNwYUNvbnRlbnRDYXRhbG9nIiwiY2F0YWxvZ1ZlcnNpb24iOiJPbmxpbmUifQ==",
              "typeCode" : "CMSFlexComponent",
              "modifiedTime" : "2020-04-29T19:09:12.518Z",
              "name" : "Anonymous Consent Open Dialog Component",
              "container" : "false",
              "flexType" : "AnonymousConsentOpenDialogComponent"
           }, {
              "uid" : "NoticeTextParagraph",
              "uuid" : "eyJpdGVtSWQiOiJOb3RpY2VUZXh0UGFyYWdyYXBoIiwiY2F0YWxvZ0lkIjoiZWxlY3Ryb25pY3Mtc3BhQ29udGVudENhdGFsb2ciLCJjYXRhbG9nVmVyc2lvbiI6Ik9ubGluZSJ9",
              "typeCode" : "CMSParagraphComponent",
              "modifiedTime" : "2020-04-29T19:09:12.614Z",
              "name" : "Notice Text Paragraph",
              "container" : "false",
              "content" : "<div class=\"cx-notice\">Copyright © 2019 SAP SE or an SAP affiliate company. All rights reserved.</div>"
           }, {
              "uid" : "AnonymousConsentManagementBannerComponent",
              "uuid" : "eyJpdGVtSWQiOiJBbm9ueW1vdXNDb25zZW50TWFuYWdlbWVudEJhbm5lckNvbXBvbmVudCIsImNhdGFsb2dJZCI6ImVsZWN0cm9uaWNzLXNwYUNvbnRlbnRDYXRhbG9nIiwiY2F0YWxvZ1ZlcnNpb24iOiJPbmxpbmUifQ==",
              "typeCode" : "CMSFlexComponent",
              "modifiedTime" : "2020-04-29T19:09:08.967Z",
              "name" : "Anonymous Consent Management Banner Component",
              "container" : "false",
              "flexType" : "AnonymousConsentManagementBannerComponent"
           } ]
        }
     }, {
        "slotId" : "SiteContextSlot",
        "slotUuid" : "eyJpdGVtSWQiOiJTaXRlQ29udGV4dFNsb3QiLCJjYXRhbG9nSWQiOiJlbGVjdHJvbmljcy1zcGFDb250ZW50Q2F0YWxvZyIsImNhdGFsb2dWZXJzaW9uIjoiT25saW5lIn0=",
        "position" : "SiteContext",
        "name" : "Site Context Slot",
        "slotShared" : true,
        "components" : {
           "component" : [ {
              "uid" : "LanguageComponent",
              "uuid" : "eyJpdGVtSWQiOiJMYW5ndWFnZUNvbXBvbmVudCIsImNhdGFsb2dJZCI6ImVsZWN0cm9uaWNzLXNwYUNvbnRlbnRDYXRhbG9nIiwiY2F0YWxvZ1ZlcnNpb24iOiJPbmxpbmUifQ==",
              "typeCode" : "CMSSiteContextComponent",
              "modifiedTime" : "2020-04-29T19:09:35.415Z",
              "name" : "Site Languages",
              "container" : "false",
              "context" : "LANGUAGE"
           }, {
              "uid" : "CurrencyComponent",
              "uuid" : "eyJpdGVtSWQiOiJDdXJyZW5jeUNvbXBvbmVudCIsImNhdGFsb2dJZCI6ImVsZWN0cm9uaWNzLXNwYUNvbnRlbnRDYXRhbG9nIiwiY2F0YWxvZ1ZlcnNpb24iOiJPbmxpbmUifQ==",
              "typeCode" : "CMSSiteContextComponent",
              "modifiedTime" : "2020-04-29T19:09:35.375Z",
              "name" : "Site Currencies",
              "container" : "false",
              "context" : "CURRENCY"
           } ]
        }
     }, {
        "slotId" : "SiteLinksSlot",
        "slotUuid" : "eyJpdGVtSWQiOiJTaXRlTGlua3NTbG90IiwiY2F0YWxvZ0lkIjoiZWxlY3Ryb25pY3Mtc3BhQ29udGVudENhdGFsb2ciLCJjYXRhbG9nVmVyc2lvbiI6Ik9ubGluZSJ9",
        "position" : "SiteLinks",
        "name" : "Slot contains some links",
        "slotShared" : true,
        "components" : {
           "component" : [ {
              "uid" : "StoreFinderLink",
              "uuid" : "eyJpdGVtSWQiOiJTdG9yZUZpbmRlckxpbmsiLCJjYXRhbG9nSWQiOiJlbGVjdHJvbmljcy1zcGFDb250ZW50Q2F0YWxvZyIsImNhdGFsb2dWZXJzaW9uIjoiT25saW5lIn0=",
              "typeCode" : "CMSLinkComponent",
              "modifiedTime" : "2020-04-29T19:09:13.341Z",
              "name" : "Store Finder Link",
              "container" : "false",
              "external" : "false",
              "contentPage" : "storefinderPage",
              "contentPageLabelOrId" : "/store-finder",
              "url" : "/store-finder",
              "linkName" : "Find a Store",
              "target" : "false"
           }, {
              "uid" : "ContactUsLink",
              "uuid" : "eyJpdGVtSWQiOiJDb250YWN0VXNMaW5rIiwiY2F0YWxvZ0lkIjoiZWxlY3Ryb25pY3Mtc3BhQ29udGVudENhdGFsb2ciLCJjYXRhbG9nVmVyc2lvbiI6Ik9ubGluZSJ9",
              "typeCode" : "CMSLinkComponent",
              "modifiedTime" : "2020-04-29T19:09:12.352Z",
              "name" : "Contact Us Link",
              "container" : "false",
              "external" : "false",
              "url" : "/contact",
              "linkName" : "Contact Us",
              "target" : "false"
           }, {
              "uid" : "HelpLink",
              "uuid" : "eyJpdGVtSWQiOiJIZWxwTGluayIsImNhdGFsb2dJZCI6ImVsZWN0cm9uaWNzLXNwYUNvbnRlbnRDYXRhbG9nIiwiY2F0YWxvZ1ZlcnNpb24iOiJPbmxpbmUifQ==",
              "typeCode" : "CMSLinkComponent",
              "modifiedTime" : "2020-04-29T19:09:12.436Z",
              "name" : "Help Link",
              "container" : "false",
              "external" : "false",
              "url" : "/faq",
              "linkName" : "Help",
              "target" : "false"
           } ]
        }
     } ]
  }
}
