[

    {
     "backgroundImage":"/images/banner.png",
     "text":"vRAN",
     "description":"Industry's first innovative e2e 5G mobile network with full cloud virtualization and automation"

    } ,

    {
        "backgroundImage":"/images/banner.png",
        "text":"vRAN",
        "description":"Industry's first innovative e2e 5G mobile network with full cloud virtualization and automation"
   
       }  ,

       {
        "backgroundImage":"/images/banner.png",
        "text":"vRAN",
        "description":"Industry's first innovative e2e 5G mobile network with full cloud virtualization and automation"
   
       } 

    
   ]